new_sku,title,brand,price,currency,stock
,"Коврик для мышки WOLF толстый 2,2 мм толщина",,40,UAH,69.0
,Буквы на клавиатуру наклейки Нестирающаяся наклейка русские,,13,UAH,801.0
,"Коврик для мышки компьютерной 260х210 мм, игровой маленький, нескользящий, поверхность Speed/Control, аксессуар для мыши",,30,UAH,29.0
,"Авто-зарядка 2 USB адаптер, в машину, прикуриватель. РАСПРОДАЖА",,120,UAH,980.0
,Аккумулятор Ni-Cd  AAA 600mAh LR3 мини пальчиковые ААА,Blue Box,35,UAH,8062.0
,USB лампочка LED 1W мини светильник. Портативная юсб 1 ватт,,12,UAH,140.0
,Электронный Термометр Градусник без Ртути Распродажа,,50,UAH,3.0
,"Холдер, держатель для телефона, автомобильный держатель на торпеду",Hoco,100,UAH,13.0
,Зарядное 4 USB порта Charge блок зарядка для телефона,,120,UAH,70.0
,Lte уличный WiFi Роутер 4G/3G LTE CPF905. внешний wi-fi. дачи.,,1650,UAH,1.0
,Коврик антискользящий на торпедо С-1211-1 черный 150х90 мм,,26,UAH,0.0
,Аккумулятор Samsung X200 / оригинал AB463446BU (800 mAh),Samsung,120,UAH,12.0
,Аккумуляторная батарея крона 9v PC211 с встроенной зарядкой type-c usb 700 mah,,182,UAH,4.0
,"Авто-зарядка 2 USB с вольтметром адаптер, в машину, прикуриватель. РАСПРОДАЖА",,130,UAH,302.0
,"Беспроводной WiFi репитер с высоким коэффициентом усиления, мощный усилитель с антеннами, Repeater, Extender, для большого дома/оф",B&G,333,UAH,5.0
,Nokia 3310 Новые Русская клавиатура и меню. 1500 mah батарея. Распродажа.,Nokia,800,UAH,948.0
,"Очки минус -1; -1,5; -2; -2,5; -3; -3,5; -4; -4,5; -5; -6; РАСПРОДАЖА",,80,UAH,9882.0
,"Очки складные +1; +1,5; +2; +2,5; +3; +3,5; +4; для чтения и зрения. Лектор. Стекло металл",,150,UAH,9940.0
,"Очки для чтения +1; +1,5; +2; +2,5; +3; +3,5; +4; РАСПРОДАЖА",,100,UAH,9773.0
,"Салфетка для протирания очков 150*150 мм. из микрофибры. Для объективов, мобильных устройств.",,6,UAH,892.0
,"Чехол сумка для планшета 10 9,7 10,2 дюймов мягкий РАСПРОДАЖА",,100,UAH,3.0
,"Очки для чтения противоударные +1; +1,5; +3; +3,5; +4;   РАСПРОДАЖА +1",,100,UAH,
,"Очки для чтения противоударные +1; +1,5; +3; +3,5; +4;   РАСПРОДАЖА +1.5",,100,UAH,46.0
,"Очки для чтения противоударные +1; +1,5; +3; +3,5; +4;   РАСПРОДАЖА +2",,50,UAH,
,"Очки для чтения противоударные +1; +1,5; +3; +3,5; +4;   РАСПРОДАЖА +2.5",,100,UAH,46.0
,"Очки для чтения противоударные +1; +1,5; +3; +3,5; +4;   РАСПРОДАЖА +3",,100,UAH,19.0
,"Очки для чтения противоударные +1; +1,5; +3; +3,5; +4;   РАСПРОДАЖА +3.5",,100,UAH,48.0
,"Очки для чтения противоударные +1; +1,5; +3; +3,5; +4;   РАСПРОДАЖА +4",,100,UAH,9884.0
,"Очки для чтения противоударные +1; +1,5; +3; +3,5; +4;   РАСПРОДАЖА Автозум",,100,UAH,
,"Импульсный блок питания 12 вольт 5 ампер. Металл. Перфорированный. РАСПРОДАЖА,",,185,UAH,97.0
,Чехол накладка Iphone XR черный РАСПРОДАЖА,Totu,70,UAH,49.0
,Коврик для мышки Inmarket,,20,UAH,30.0
,Аккумулятор Nokia bp4-l батарея нокиа 1500 mah ориганал 100% емкость,Nokia,140,UAH,18.0
,Чехол накладка Iphone 13 PRO черный РАСПРОДАЖА,Totu,59,UAH,7.0
,"Противоударный телефон Hardphone W2 - 2 sim, защищённый  камера 2 Mp, рус/анг клавиатура >>",,750,UAH,31.0
,Тонометр автоматический на предплечье. Питание от батареек или от microusb,,390,UAH,7.0
,Машинка для стрижки  4 насадки зарядка от usb,,220,UAH,0.0
,Зарядное Xiaomi 33W Quick Charge 3.0 MDY-11-EZ + USB кабель,Xiaomi,300,UAH,24.0
,"Очки минус -1; -1,5; -2; -2,5; -3; -3,5; -4; -4,5; -5; -6; РАСПРОДАЖА -1",,100,UAH,9976.0
,"Очки минус -1; -1,5; -2; -2,5; -3; -3,5; -4; -4,5; -5; -6; РАСПРОДАЖА -1.5",,100,UAH,9940.0
,"Очки минус -1; -1,5; -2; -2,5; -3; -3,5; -4; -4,5; -5; -6; РАСПРОДАЖА -2",,100,UAH,9931.0
,"Очки минус -1; -1,5; -2; -2,5; -3; -3,5; -4; -4,5; -5; -6; РАСПРОДАЖА -2.5",,100,UAH,9954.0
,"Очки минус -1; -1,5; -2; -2,5; -3; -3,5; -4; -4,5; -5; -6; РАСПРОДАЖА -3",,100,UAH,9963.0
,"Очки минус -1; -1,5; -2; -2,5; -3; -3,5; -4; -4,5; -5; -6; РАСПРОДАЖА -3.5",,100,UAH,9953.0
,"Очки минус -1; -1,5; -2; -2,5; -3; -3,5; -4; -4,5; -5; -6; РАСПРОДАЖА -4",,100,UAH,9940.0
,"Очки минус -1; -1,5; -2; -2,5; -3; -3,5; -4; -4,5; -5; -6; РАСПРОДАЖА -4.5",,100,UAH,9937.0
,"Очки минус -1; -1,5; -2; -2,5; -3; -3,5; -4; -4,5; -5; -6; РАСПРОДАЖА -5",,100,UAH,9941.0
,"Очки минус -1; -1,5; -2; -2,5; -3; -3,5; -4; -4,5; -5; -6; РАСПРОДАЖА -5.5",,100,UAH,9963.0
,"Очки минус -1; -1,5; -2; -2,5; -3; -3,5; -4; -4,5; -5; -6; РАСПРОДАЖА -6",,100,UAH,9897.0
,"Очки складные +1; +1,5; +2; +2,5; +3; +3,5; +4; для чтения и зрения. Лектор +1",,130,UAH,9794.0
,"Очки складные +1; +1,5; +2; +2,5; +3; +3,5; +4; для чтения и зрения. Лектор +1.5",,130,UAH,
,"Очки складные +1; +1,5; +2; +2,5; +3; +3,5; +4; для чтения и зрения. Лектор +2",,130,UAH,9828.0
,"Очки складные +1; +1,5; +2; +2,5; +3; +3,5; +4; для чтения и зрения. Лектор +2.5",,130,UAH,
,"Очки складные +1; +1,5; +2; +2,5; +3; +3,5; +4; для чтения и зрения. Лектор +3",,130,UAH,9890.0
,"Очки складные +1; +1,5; +2; +2,5; +3; +3,5; +4; для чтения и зрения. Лектор +3.5",,130,UAH,9945.0
,"Очки складные +1; +1,5; +2; +2,5; +3; +3,5; +4; для чтения и зрения. Лектор +4",,130,UAH,9965.0
,"Телефон Nokia 150, 6300. рус клавиатура. Новые. Распродажа",Nokia,1200,UAH,6.0
,Очки для плаванья. Для взрослых. Чёрные,,100,UAH,16.0
,"Велосипедные очки с 5 сменными линзами (желтые, прозрачные, темные), ударопрочный поликарбонат, спортивные, профессиональные, для",Oakley,100,UAH,978.0
,Окуляри спортивні велосипедні oakley очки сонцезахисні. РАСПРОДАЖ. Коричневый,Oakley,100,UAH,996.0
,Окуляри спортивні велосипедні oakley очки сонцезахисні. РАСПРОДАЖ. RGB(перелив цветов),Oakley,100,UAH,991.0
,Маска строительная защитная незапотевающая без фильтра >>,,181,UAH,787.0
,"Штекер/Гнездо питания DC 5.5х2.1мм с винтовыми зажимами для камер, LED лент, 12В/24В",,6,UAH,705.0
,Адаптер USB 2.0 - SATA для подключения 2.5'' HDD/SSD диска с функцией доп. питания Внешний кабель для жесткого диска,,120,UAH,38.0
,"Крепление кронштейн для камер видеонаблюдения, кронштейн",,50,UAH,15.0
,"Амбушюры накладки JBL JR300 JR310 T450BT, T460BT, T500BT,T600BT, T520BT, T510BT",JBL,200,UAH,13.0
,Наушники Sony MDR-EX15AP с микрофоном. Новые. Черный,Sony,250,UAH,23.0
,"Аккумулятор EB-BG360 оригинал - 100% емкости для Samsung J200 J2 2015, G360, G360H, G361, G361H",Samsung,135,UAH,0.0
,Беспроводные Наушники с микрофоном Tune 510 BT. Анлог наушников JBL Tune 510 BT.,JBL,500,UAH,50.0
,Вытяжной вентилятор с обратным клапаном. LFI-09si - 100мм,,500,UAH,10.0
,Контроллер заряда солнечной батареи KW1230 ШИМ 12/24В 30А,AGM,230,UAH,26.0
,Телефон Nokia 2660 Dual flip black 2G. Распродажа. Новые,Nokia,1600,UAH,1.0
,Пульт Magic remote Lg AN-MR21 инфракрасная версия,LG,250,UAH,4.0
,Наушники Xiaomi airdots a6s. РАСПРОДАЖА,Xiaomi,200,UAH,351.0
,"Nokia 3310 Новые, рус. клавиатура и меню. 1500 mah батарея. Распродажа>>",Nokia,800,UAH,27.0
,Наушники Sony MDR-EX15AP с микрофоном. Новые. Белые,Sony,200,UAH,39.0
,Крем для рук SADOER Cross border 30 грамм.,Cross,50,UAH,39.0
,Пластырь перцовый 12*16,,6,UAH,6.0
,Мобильный телефон Nokia 225 2G Dual Sim Black. Новые,Nokia,1600,UAH,3.0
,"Пульт управления универсальный для всех кондиционеров (ПДУ) с LCD дисплеем, 4000 в 1, многофункциональный",,100,UAH,52.0
,Маска строительная защитная незапотевающая с местом под фильтр,,188,UAH,931.0
,"Амбушюры для наушников T700BT, 710BTNC, 750BTN, 720BT, 760NC Черные",JBL,220,UAH,10.0
,Небулайзер аккумуляторный. Ингалятор аккумуляторный. атомайзер,,445,UAH,8.0
,Тест на беременность HCG струйный. Распродажа,,50,UAH,638.0
,Пульт (RM-10) Bluetooth Xiaomi XMRM-010. Голосовой поиск.,Xiaomi,350,UAH,11.0
,"Пульт Xiaomi XMRM-006 с Bluetooth MI BOX 3, MI BOX S, Mi TV Stick. Голосовой поиск.",Xiaomi,200,UAH,127.0
,"Счётчик моточасов Quartz 12, 24v 6-80 вольт дизельных и бензиновых двигателей мото часов",,432,UAH,17.0
,"Omega 3, 31 капсула. 1000 mg.    DHA 600 mg EPA, 300 MG. Распродажа",,50,UAH,0.0
,Комплект коннекторов MC4-типа (пара),,"23,5",UAH,209.0
,Жевательная резинка Wrigley Doublemint пачка 5 пластинок распродажа.,,36,UAH,143.0
,Тонометр автоматический S04 с русским голосом на плечо.,,400,UAH,1.0
,Мазь бальзам звездочка 4 грамма. Вьетнамская. Согревающий. Распродажа.,,35,UAH,9110.0
,Батарейки АА R6 пальчиковые AAA цинк-углеродная качество.,Wiko,5,UAH,67.0
,Oppo OnePlus supervooc 65w Оригинал,OnePlus,380,UAH,38.0
,"Амбушюры накладки AKG K412P, K414P, K416P, K402, K403, K404, K26P, K24P, K420, K430, K450, Q460, K271P.",AKG,120,UAH,0.0
,"Умный wifi автомат, автоматический выключатель EARU EAWCBT-P 1-63A на DIN однофазный, счетчик кВт",Echo,560,UAH,2.0
,Контроллер заряда солнечной батареи KW1230 ШИМ 12/24В 30А >>,AGM,229,UAH,15.0
,Наушники Xiaomi airdots a6s. РАСПРОДАЖА >>,Xiaomi,200,UAH,0.0
,Аккумулятор Ni-MH AA 700 Mah LR6 пальчиковые АА,BMA,35,UAH,837.0
,Наручные электронные часы Casio 159WA  КАЧЕСТВО. Распродажа.,Casio,400,UAH,16.0
,USB кабель HQ8505 для зарядки машинок та бритв Philips 15V 5.4W. Зарядное,Philips,120,UAH,79.0
,Кабель usb type-c с быстрой зарядкой 6A 1м. Fast charger,Xiaomi,100,UAH,0.0
,Аккумулятор  АА 700mah aa пальчиковый ni-cid,,27,UAH,238.0
,"Фильтр для маски строительной, щит, на все лицо маска",,4,UAH,9329.0
,Жвательные конфеты SOFT CANDY с витамином С.. 30 штук. 60 грамм. Азия,,50,UAH,20.0
,"Жвательные конфеты с витамином С, B1, B2 Sino Med Medica. 30 штук. 60 грамм. Азия. Мультивитамины.",MEDICA+,100,UAH,12.0
,"Антижучок, RF-детектор, детектор камер",,150,UAH,7.0
,Соединитель витой пары RJ45 FTP CAT6 мама / мама 8P8C,,28,UAH,178.0
,"Мазь от псориаза День и Ночь. Мазь Цицун Басюань от дерматита, псориаза, экземы. Упаковка 2 шт.",,250,UAH,76.0
,"Турмалиновые носки с массажной подошвой, носки турмалиновые самонагревающиеся для ног пара - цвет черный",,85,UAH,758.0
,Ключ Torx T-30 T30*25*154 для инвертора SUN2000-30/36/40KTL-M3,SUN,50,UAH,11.0
,"Магнитный кабель LED с подсветкой 3 в 1 для зарядки для iPhone, micro usb, Type-C",,100,UAH,132.0
,Сетевое зарядное Samsung 25W. Быстрая зарядка.  EP-TA800NWE. + кабель,Samsung,250,UAH,9.0
,"Пульт XMRM-19 Телевизор Xiaomi L32M6-6ARG, XL43M6-6ARG, L55M6-6AEU, L55M6-6AR",Xiaomi,260,UAH,957.0
,"Зарядное устройство для телефонов Samsung D800, D880,I9000 и т.д. КАЧЕСТВО",Samsung,100,UAH,419.0
,Аккумуляторная батарея для рации Baofeng BF-888S-1500 mAh. Аккумулятор. Батарея.,Baofeng,200,UAH,9.0
,Зарядка для раций Baofeng BF-888S Зарядное устройство для рации BF-888,,150,UAH,8.0
,"Режущий блок для бритвы Xiaomi Enchen Gentleman. Лезвия, сменная насадка для BlackStone, Steel 3S, 3D плавающая голо Blackstone 3D",Xiaomi,189,UAH,24.0
,"Средство для удаления царапин PolyWatch на часах, телефонах",,230,UAH,3.0
,"Cчетчик моточасов для бензопилы, лодочного мотора, бензогенератора, 2-4 такта",,200,UAH,18.0
,Мужские Часы SKMEI 1025,Skmei,288,UAH,1.0
,Аккумулятор 602040 400 mah. С контроллером. Распродажа,,100,UAH,6.0
,Чехол на пульт XMRM-007 черный или прозрачный,,60,UAH,9.0
,Алкотестер Alcohol Tester Led Breath ALT-01 ( AT6360 ),,110,UAH,3.0
,Бальзам звездочка мазь 4 грамма. Вьетнамская. Согревающий. Распродажа.,,35,UAH,774.0
,Аккумулятор bp-4l. 100% емкости. Распродажа,Nokia,150,UAH,25.0
,"Погружной водяной насос, мини-помпа AD20P-1230A DC12V, 4 л/мин, малошумный",ОГОЛОШЕННЯ,180,UAH,12.0
,Часы casio F-91W,Casio,225,UAH,1.0
,Зарядное Xiaomi 33W Quick Charge 3.0 MDY-11-EZ + USB кабель. Redmi,Xiaomi,300,UAH,42.0
,Блок питания для электробритв и триммеров Philips HQ8505 15V,Philips,170,UAH,29.0
,Ретро косметическое зеркало,,250,UAH,26.0
,Телефон Samsung E1272. Раскладушка. Рус. кнопки.Новые.,Samsung,978,UAH,12.0
,"Литий-ионный аккумулятор 12V Li-ion. Универсальный форм-фактор, аналог свинцового 12В 6Ач, для ИБП, сигнализации",,600,UAH,1.0
,"Амбушюры для наушников T700BT, 710BTNC, 750BTN, 720BT, 760NC Белые",JBL,220,UAH,16.0
,"Амбушюры для наушников T700BT, 710BTNC, 750BTN, 720BT, 760NC Синие",JBL,220,UAH,22.0
,Тигровая мазь Белая 20 грамм. Распродажа!,,60,UAH,3.0
,Фильтр для душа,,160,UAH,31.0
,"Душевой набор шланг, лейка, кронштейн пластик",,180,UAH,9.0
,POE Коммутатор (Свитч) 48v 18 портов (16poe+2uplink),,2900,UAH,2.0
,Универсальная щётка для пылесосов 32/35/36/37/38/50 мм,,220,UAH,10.0
,Коннектор конекторы для солнечных панелей 30A пара 4\1,,350,UAH,3.0
,Вьетнамский бальзам звездочка,,35,UAH,254.0
,"Мазь Counterpain 60 гр. Обезболивающая, разогревающая, для суставов",,120,UAH,72.0
,Китайская лапша быстрого приготовления 53 г с креветками (лапша в пачке),,30,UAH,0.0
,Кабель для солнечных панелей. SOLARCABLE PRO 4мм.  PV1-F4 с медным сердечником.,,34,UAH,48.0
,"Противоударный телефон Hardphone W2 - 2 sim, защищённый.",,750,UAH,0.0
,Блок питания для триммера Philips A00390 (4.3 В) Идеальное решение для ухода за бородой и стрижкой  Совместимо,Philips AVENT,200,UAH,25.0
,"Зарядка телефон Nokia  ( 2.5 pin, тонкая)  нокиа сетевая НОВЫЕ",Nokia,140,UAH,887.0
,Nokia 1280 рус. клавиатура. Новые. Нокиа 1280.,Nokia,800,UAH,44.0
,Телефон Nokia 6300 Black. Распродажа,Nokia,1200,UAH,13.0
,Кабель Oppo 100w,OPPO,100,UAH,12.0
,Мазь конская 250 мл,,200,UAH,8.0
,Медиаконвертор HTB-3100ABHTB-GS-03A B,,300,UAH,1.0
,"Нож для блендера Philips HR2093, HR2095, HR2096, HR2097, HR2195, HR2196. Режущий блок, лезвие, измельчитель, аналог",Philips,400,UAH,12.0
,Наушники Tune JBL BT700 Black,JBL,750,UAH,98.0
,Наушники JBL  Tune 760,JBL,880,UAH,18.0
,Наушники Hoco m60,,80,UAH,7.0
,Мышь проводная Usb m-022,,55,UAH,2.0
,Припой Олово для пайки SOLDER 1мм 50 гр.,,50,UAH,2.0
,Кабель Iphone Lightning usb 1 метр,,100,UAH,17.0
,Тест на беременность полоска.Perfect,,6,UAH,368.0
,Сывороточный протеин комплексный - 500 гр. Азия,,150,UAH,7.0
,Дигидровкверцетин 50 мг,,180,UAH,30.0
,Наушники JBL BT510 Black,,850,UAH,958.0
,Телефон Nokia 6300 Gold. Новые. Анг/рус. кнопки,Nokia,1200,UAH,26.0
,Телефон Nokia 3110 Black,Nokia,888,UAH,8.0
,Утюг Domotec MS 2208,,343,UAH,0.0
,Ручной миксер Crownberg CB-7322 | 300W,CROWNBERG,248,UAH,3.0
,Мазь Тигр - 3 гр.,,25,UAH,664.0
,Наушники JBL Tune 230BT White,JBL,795,UAH,
,"Машинка для стрижки, бритва, триммер DL-9007 3 в 1 набор для стрижки волос",,300,UAH,5.0
,Многоразовый фильтр для пылесоса Philips FC6718 FC6721 FC6722 FC6723 FC6724 FC6725 FC6726 FC6727 FC6728 FC6729,Philips,140,UAH,5.0
,Телефон Nokia 3310. Новые. анг/рус. клавиатура.,Nokia,800,UAH,965.0
,Жевательная резинка Wrigley Doublemint роза пачка 5 пластинок,,36,UAH,75.0
,Аккумуляторная батарея крона 9v PC211 свстроенной зарядкой type-c usb 500 mah,,172,UAH,9.0
,"Муляж видеокамеры с LED индикатором, имитатор, фековая камера",,225,UAH,20.0
,"Фильтр для маски строительной, на все лицо маска",,4,UAH,2000.0
,Беруши пара,,"3,5",UAH,758.0
,Баскетбольный мяч PSYCHE №7 микрофибра профессиональный для игры и тренировки,,1000,UAH,2.0
,Сетевое зарядное Samsung 25W. Быстрая зарядка.  EP-TA800NWE. + кабель,Samsung,250,UAH,18.0
,Ключ для домофона метка брелок RFID 125kHz для записи,,9,UAH,222.0
,"Оригинальное зарядное устройство Nokia AC-3E / AC-3 (тонкий 2мм штекер): 5V, 350mA.",Nokia,120,UAH,977.0
,"Оригинальное зарядное устройство Nokia AC-11E (тонкий штекер 2мм): 5V, 450mA.",Nokia,120,UAH,952.0
,Braun 32B / 21B сменный блок — сетка и нож для Series 3,Philips,296,UAH,10.0
,Адаптер питания 15V 5.4W для бритвы Philips HQ8505 USB кабель зарядки сетевой шнур,Philips,120,UAH,97.0
,Nokia 6300 Classic Мобильный кнопочный серый,Nokia,1200,UAH,0.0
,Кнопочный телефон Nokia 1110i классика,Nokia,700,UAH,
,Пульт CAME TOP-432EE 2-х канальный для автоматических систем контроля доступа 433 МГц,Came,250,UAH,192.0
,"Станок для изготовления ключей DEFU-368A вертикально-фрезерный, дубликатор перфорированных и автоключей",,4800,UAH,1.0
,"Универсальный станок для изготовления ключей WENXING 100E1 (комбайн): английские, сувальдные, финские, крестовые",,24000,UAH,1.0
,Ортопедические стельки для обуви с амортизирующей пяткой и супинатором,,97,UAH,98.0
,Счетчик моточасов для генератора импульсный SYS-1 DC 10-80В герметичный,,327,UAH,193.0
,Грелка резиновая медицинская 26х14.5 см для согревания,,150,UAH,69.0
